_id,isPb,wpm,acc,rawWpm,consistency,charStats,mode,mode2,quoteLength,restartCount,testDuration,afkDuration,incompleteTestSeconds,punctuation,numbers,language,funbox,difficulty,lazyMode,blindMode,bailedOut,tags,timestamp
66b9c33524029c3abd778b68,,71.99,98.9,71.99,53.07,180;0;0;0,time,30,-1,0,30,2,0,false,false,english,none,normal,false,false,false,,1723450165000
66b9c30924029c3abd7789cd,,87.2,96.46,90,80.39,218;5;1;0,time,30,-1,4,30,0,7.49,false,false,english,none,normal,false,false,false,,1723450121000
6687810382c1af7317d0a632,,91.2,96.05,101.19,83.32,228;6;1;0,time,30,-1,2,30,0,14.39,false,false,english,none,normal,false,false,false,,1720156419000
66406083866cd8bb799310af,,36.4,88.33,48,59.71,91;8;1;4,time,30,-1,0,30,0,0,false,false,english,none,normal,false,false,false,,1715495043000
6618f316edab6d8ac5777ee7,,97.2,97.59,98.8,75.87,243;3;0;1,time,30,-1,0,30,0,0,false,false,english,none,normal,false,false,false,,1712911126000
64c765410726bb8041bd4630,,92.8,97.15,98.4,82.08,232;5;0;1,time,30,-1,1,30,0,0.5,false,false,english,none,normal,false,false,false,,1690789185000
64c7651a0726bb8041bd4524,,82.19,94.03,86.39,69.69,411;5;1;1,time,60,-1,0,60.01,0,0,false,false,english,none,normal,false,false,false,,1690789146000
647705db0170c3dfdc2f663b,,81.79,94.27,87.99,77.71,409;8;1;1,time,60,-1,1,60.01,0,19.86,false,false,english,none,normal,false,false,false,,1685521883000
64720234c7b2e74af0909eec,,75.19,91.57,81.39,70.97,376;10;1;2,time,60,-1,0,60.01,0,0,false,false,english,none,normal,false,false,false,,1685193268000
647201eec7b2e74af0909caa,,21.8,88.15,25.8,41.99,109;7;1;0,time,60,-1,0,60.01,6,0,false,false,english,none,normal,false,false,false,,1685193198000
647201adc7b2e74af0909abb,,48.6,90.59,55.8,21.86,243;13;0;2,time,60,-1,0,60,15,0,false,false,english,none,normal,false,false,false,,1685193133000
646724f2c7b2e74af0a7e4a6,,75.8,91.22,85.6,67.44,379;14;3;4,time,60,-1,0,60,0,0,false,false,english,none,normal,false,false,false,,1684481266000
645386438723e138c4cdbf94,,72.59,91.57,81.59,73.7,363;19;3;2,time,60,-1,4,60.01,0,28.96,false,false,english,none,normal,false,false,false,,1683195459000
645385da8723e138c4cdbcb1,,85.8,92.45,93.8,72.42,429;11;1;1,time,60,-1,0,60,0,0,false,false,english,none,normal,false,false,false,,1683195354000
644dc3a18b42543b37918bdc,,73.8,89.93,85.8,73.22,369;16;2;2,time,60,-1,6,60,0,33.48,false,false,english,none,normal,false,false,false,,1682817953000
644bb0268b42543b37e3a355,,84,93.41,88.6,75.18,420;13;1;2,time,60,-1,6,60,0,42.02,false,false,english,none,normal,false,false,false,,1682681894000
644bafa98b42543b37e39fac,true,92.98,95.12,100.58,75.28,465;11;1;4,time,60,-1,0,60.01,0,0,false,false,english,none,normal,false,false,false,,1682681769000
644baf1c8b42543b37e39b8d,true,91.98,95.95,96.98,78.46,460;7;0;0,time,60,-1,2,60.01,0,4.41,false,false,english,none,normal,false,false,false,,1682681628000
644baec58b42543b37e398fd,,91.6,96.3,96.8,79.5,229;6;0;1,time,30,-1,5,30,0,13.08,false,false,english,none,normal,false,false,false,,1682681541000
644bae838b42543b37e3971a,,92.8,93.77,101.2,71.46,232;4;4;2,time,30,-1,0,30,0,0,false,false,english,none,normal,false,false,false,,1682681475000
644bae4a8b42543b37e3957a,,98.37,96.14,101.17,73.17,246;3;1;0,time,30,-1,0,30.01,0,0,false,false,english,none,normal,false,false,false,,1682681418000
644986098b42543b370adc5e,,86.37,88.89,98.37,76.88,216;15;3;0,time,30,-1,4,30.01,0,44.69,false,false,english,none,normal,false,false,false,,1682540041000
644985b88b42543b370ad9da,,84.8,88.19,98.4,74.35,212;14;3;0,time,30,-1,0,30,0,0,false,false,english,none,normal,false,false,false,,1682539960000
644119cd003d9906087fa259,,92.37,94.59,101.57,75.98,231;4;1;1,time,30,-1,0,30.01,0,0,false,false,english,none,normal,false,false,false,,1681988045000
64411922003d9906087f9de7,,92.8,96.79,96,68.56,232;1;0;0,time,30,-1,2,30,0,3.79,false,false,english,none,normal,false,false,false,,1681987874000
643e7152fedb0fc89b581f0a,,80,91.93,86.8,66.39,200;6;4;0,time,30,-1,2,30,1,35.26,false,false,english,none,normal,false,false,false,,1681813842000
643e7073fedb0fc89b520be3,,81.97,93.67,92.37,80.3,205;4;1;2,time,30,-1,1,30.01,0,5.28,false,false,english,none,normal,false,false,false,,1681813619000
643e7042fedb0fc89b520a90,,97.97,94.44,105.56,78.72,245;7;1;0,time,30,-1,0,30.01,0,0,false,false,english,none,normal,false,false,false,,1681813570000
643d2712b32f409c52997858,,88.8,90.8,96.4,74.23,222;10;4;1,time,30,-1,1,30,0,10.56,false,false,english,none,normal,false,false,false,,1681729298000
643d26e5b32f409c52997725,,89.57,95.38,91.97,70.9,224;2;1;0,time,30,-1,2,30.01,0,13.01,false,false,english,none,normal,false,false,false,,1681729253000
643d26afb32f409c52967091,,80,91.1,89.6,66.26,200;7;0;1,time,30,-1,1,30,0,5.15,false,false,english,none,normal,false,false,false,,1681729199000
643d266bb32f409c52936852,,85.97,89.39,93.57,72.79,215;8;3;1,time,30,-1,2,30.01,0,5.46,false,false,english,none,normal,false,false,false,,1681729131000
643d2619b32f409c5293660c,,82.4,93.56,90.8,73.89,206;5;1;0,time,30,-1,7,30,0,46.7,false,false,english,none,normal,false,false,false,,1681729049000
64387c57b32f409c527622cb,,93.2,93.51,103.2,79.96,233;9;1;0,time,30,-1,0,30,0,0,false,false,english,none,normal,false,false,false,,1681423447000
6436e49fb32f409c52ae7fbd,,96.4,98.38,96.4,77.46,241;0;0;0,time,30,-1,1,30,0,3.41,false,false,english,none,normal,false,false,false,,1681319071000
6436e46eb32f409c52ae7d3e,,91.2,94.86,100,80.23,228;8;0;2,time,30,-1,0,30,0,0,false,false,english,none,normal,false,false,false,,1681319022000
6432e33e32a956cd0ac9c859,,90,97.1,95.6,80.06,225;3;0;0,time,30,-1,1,30,0,4.64,false,false,english,none,normal,false,false,false,,1681056574000
6432e31732a956cd0ac9c748,,86.8,92.12,94.4,71.17,217;9;2;1,time,30,-1,4,30,0,31.05,false,false,english,none,normal,false,false,false,,1681056535000
642d1d4e0e2987d5c618a8c2,,89.17,95.4,93.57,74.59,223;3;1;0,time,30,-1,2,30.01,0,8.13,false,false,english,none,normal,false,false,false,,1680678222000
642d1d190e2987d5c618a75b,,91.97,96.31,97.57,77.39,230;5;1;2,time,30,-1,1,30.01,0,22.47,false,false,english,none,normal,false,false,false,,1680678169000
642d1b9f0e2987d5c612a93d,,99.97,96.23,104.77,81.96,250;3;2;0,time,30,-1,1,30.01,0,2.53,false,false,english,none,normal,false,false,false,,1680677791000
64273e7e0a366c07ed587002,,79.17,88.94,87.97,74.03,198;6;1;1,time,30,-1,1,30.01,0,1.26,false,false,english,none,normal,false,false,false,,1680293502000
6424af11d9bf936fd6c323aa,,85.17,96.4,87.17,79.78,213;2;1;0,time,30,-1,2,30.01,0,41.64,false,false,english,none,normal,false,false,false,,1680125713000
6422986ed9bf936fd62f1985,,79,95.25,81,70.17,395;2;0;1,time,60,-1,3,60,0,12.74,false,false,english,none,normal,false,false,false,,1679988846000
6422981ad9bf936fd62f16d7,true,85.79,94.81,90.38,74.76,429;8;2;1,time,60,-1,1,60.01,0,2.41,false,false,english,none,normal,false,false,false,,1679988762000
6422978cd9bf936fd62f1307,,82.77,96.28,82.77,77.77,207;0;0;0,time,30,-1,1,30.01,0,20.61,false,false,english,none,normal,false,false,false,,1679988620000
6422974fd9bf936fd6292dc0,,67.58,89.5,78.77,58.62,169;11;2;2,time,30,-1,1,30.01,1,2.4,false,false,english,none,normal,false,false,false,,1679988559000
6422972bd9bf936fd6292c94,,90.4,95.08,95.6,77.84,226;5;1;0,time,30,-1,0,30,0,0,false,false,english,none,normal,false,false,false,,1679988523000
641e146e864bf5f362892031,,91.57,96.23,91.57,72.41,229;0;0;0,time,30,-1,0,30.01,0,0,false,false,english,none,normal,false,false,false,,1679692910000
64198ca2a76a1a979e7b169a,,89.57,93.47,97.57,80.49,224;11;1;1,time,30,-1,0,30.01,0,0,false,false,english,none,normal,false,false,false,,1679396002000
6411ac2d6d3feedce12a3e51,,93.57,95.55,95.17,63.35,234;1;0;0,time,30,-1,1,30.01,0,1.66,false,false,english,none,normal,false,false,false,,1678879789000
6410bb396d3feedce196df48,,43.6,94.83,43.6,50.25,109;0;0;0,time,30,-1,0,30,1,0,false,false,english,none,normal,false,false,false,,1678818105000
640470ca5027fd0b05b84edd,,73.18,90.87,79.97,58.74,183;7;1;2,time,30,-1,4,30.01,0,32.49,false,false,english,none,normal,false,false,false,,1678012618000
63fa4876c90122f79b353847,,95.97,100,95.97,82.92,240;0;0;0,time,30,-1,1,30.01,0,5.27,false,false,english,none,normal,false,false,false,,1677346934000
63fa484fc90122f79b353719,,93.17,98.31,93.17,76.81,233;0;0;0,time,30,-1,0,30.01,0,0,false,false,english,none,normal,false,false,false,,1677346895000
63fa482cc90122f79b35361d,,95.17,93.08,101.17,77.25,238;7;2;1,time,30,-1,0,30.01,0,0,false,false,english,none,normal,false,false,false,,1677346860000
63fa2754c90122f79b016b61,,84.37,91.38,92.37,72.69,211;12;3;0,time,30,-1,0,30.01,0,0,false,false,english,none,normal,false,false,false,,1677338452000
63fa2734c90122f79b016a51,,87.2,91.67,99.2,79.02,218;11;1;1,time,30,-1,0,30,0,0,false,false,english,none,normal,false,false,false,,1677338420000
63f5c76cc283c730c356726c,,73.6,94.2,80.4,60.71,184;4;0;2,time,30,-1,0,30,0,0,false,false,english,none,normal,false,false,false,,1677051756000
63ee7b15cd1271d9feef2432,,99.17,99.6,99.17,75.09,248;0;0;0,time,30,-1,0,30.01,0,0,false,false,english,none,normal,false,false,false,,1676573461000
63e02090863ed52530869631,,87.17,97.32,87.17,79.04,218;0;0;0,time,30,-1,4,30.01,0,14.32,false,false,english,none,normal,false,false,false,,1675632784000
63e0204a863ed52530869456,,86.77,97.36,88.77,70.71,217;0;0;1,time,30,-1,0,30.01,0,0,false,false,english,none,normal,false,false,false,,1675632714000
63d97b5000e21bb4d33b77a9,,94.37,97.18,97.97,81.28,236;2;0;1,time,30,-1,1,30.01,0,9.58,false,false,english,none,normal,false,false,false,,1675197264000
63cfcfc3fbe64c2ded3a225b,,96.37,97.57,97.97,75.98,241;2;1;0,time,30,-1,1,30.01,0,1.03,false,false,english,none,normal,false,false,false,,1674563523000
63cfcf97fbe64c2ded3a20e8,,94.77,96.14,101.97,73.34,237;5;0;0,time,30,-1,0,30.01,0,0,false,false,english,none,normal,false,false,false,,1674563479000
63cac3145ee1013d2c2be906,,92.37,97.49,94.77,86.07,231;2;1;0,time,30,-1,0,30.01,0,0,false,false,english,none,normal,false,false,false,,1674232596000
63cac2ee5ee1013d2c2be711,,93.97,97.93,93.97,81.68,235;0;0;0,time,30,-1,0,30.01,0,0,false,false,english,none,normal,false,false,false,,1674232558000
63c31ba87c8d4d1d81cc184a,,81.17,95.48,87.57,75.85,203;5;1;0,time,30,-1,0,30.01,0,0,false,false,english,none,normal,false,false,false,,1673730984000
63af33a0a9589d2ea24caae6,,103.17,100,103.17,87.4,258;0;0;0,time,30,-1,0,30.01,0,0,false,false,english,none,normal,false,false,false,,1672426400000
63ac67eea9589d2ea21efa7d,,81.2,94.09,94,77.75,203;7;1;1,time,30,-1,0,30,0,0,false,false,english,none,normal,false,false,false,,1672243182000
6399f3a13bafcbd1018cdee3,,83.6,93.1,90,70.53,209;5;1;1,time,30,-1,0,30,0,0,false,false,english,none,normal,false,false,false,,1671033761000
6394adb7848f5061776c2fd1,,86.8,98.64,86.8,79.67,217;0;0;0,time,30,-1,1,30,0,17.28,false,false,english,none,normal,false,false,false,,1670688183000
638f9a856cf2de7f1425198a,,80,90.72,91.6,77.04,200;10;1;0,time,30,-1,0,30,0,0,false,false,english,none,normal,false,false,false,,1670355589000
6383aa0429e6b7412e158d2f,,96.8,98.78,96.8,76.32,242;0;0;0,time,30,-1,1,30,0,10.19,false,false,english,none,normal,false,false,false,,1669573124000
63837afa29e6b7412ecfac54,,88.37,97.36,90.37,73.42,221;2;2;0,time,30,-1,1,30.01,0,1.56,false,false,english,none,normal,false,false,false,,1669561082000
63837ad129e6b7412ecfab09,,89.6,95.76,90.8,79.84,224;0;0;1,time,30,-1,0,30,0,0,false,false,english,none,normal,false,false,false,,1669561041000
6381e7f729e6b7412e98e49b,,86.37,97.4,91.17,78.49,216;1;0;1,time,30,-1,2,30.01,0,19.53,false,false,english,none,normal,false,false,false,,1669457911000
6381e7c129e6b7412e98e312,,89.2,93.57,98.8,85.03,223;8;1;2,time,30,-1,2,30,0,8.29,false,false,english,none,normal,false,false,false,,1669457857000
637fe1fe29e6b7412ebafbee,,89.17,93.88,97.17,79.25,223;8;2;0,time,30,-1,0,30.01,0,0,false,false,english,none,normal,false,false,false,,1669325310000
637cdd5229e6b7412e7bfef9,,85.57,90.69,97.97,79.04,214;14;2;1,time,30,-1,9,30.01,0,38.7,false,false,english,none,normal,false,false,false,,1669127506000
637cac1229e6b7412e365cf6,,84,92.12,95.6,81.68,210;11;1;2,time,30,-1,25,30,0,116.88,false,false,english,none,normal,false,false,false,,1669114898000
637cab4129e6b7412e317fa5,,94,95.74,102.8,80.64,235;4;3;0,time,30,-1,0,30,0,0,false,false,english,none,normal,false,false,false,,1669114689000
637cab0d29e6b7412e317e30,,96.4,95.75,101.2,74.54,241;2;0;2,time,30,-1,3,30,0,8.62,false,false,english,none,normal,false,false,false,,1669114637000
637abc3c29e6b7412e7cd968,,88,96.1,90,79.02,220;2;0;0,time,30,-1,1,30,0,1.59,false,false,english,none,normal,false,false,false,,1668987964000
637abc0929e6b7412e7a6ec2,,89.6,93.31,99.6,80.54,224;5;2;1,time,30,-1,1,30,0,9.04,false,false,english,none,normal,false,false,false,,1668987913000
63760abe9500f305f2dec698,,91.2,98.28,91.2,80.84,228;0;0;0,time,30,-1,1,30,0,4.28,false,false,english,none,normal,false,false,false,,1668680382000
63760a999500f305f2dec5b5,,80.8,92.58,90,77.44,202;7;2;1,time,30,-1,0,30,0,0,false,false,english,none,normal,false,false,false,,1668680345000
63754a1b9500f305f2d13031,,86,92.18,92.8,74.83,215;4;1;0,time,30,-1,0,30,0,0,false,false,english,none,normal,false,false,false,,1668631067000
636d47bd31bc82843014a950,,95.2,98.35,95.2,76.28,238;0;0;0,time,30,-1,1,30,0,9.15,false,false,english,none,normal,false,false,false,,1668106173000
636cf2b631bc8284309ec8ec,,90,98.25,90.4,72.22,225;1;0;0,time,30,-1,1,30,0,5.23,false,false,english,none,normal,false,false,false,,1668084406000
636a8d15264cd938f02aa259,,90.8,99.13,90.8,76.21,227;0;0;0,time,30,-1,0,30,0,0,false,false,english,none,normal,false,false,false,,1667927317000
636a8cf5264cd938f02aa0c7,,86.8,92.15,94.8,71.75,217;10;1;1,time,30,-1,2,30,0,1.65,false,false,english,none,normal,false,false,false,,1667927285000
6367a88c11abbca923114139,,99.97,94.42,106.36,75.32,250;8;1;1,time,30,-1,0,30.01,0,0,false,false,english,none,normal,false,false,false,,1667737740000
6366bb5611abbca923d19395,,96,100,96,72.24,240;0;0;0,time,30,-1,0,30,0,0,false,false,english,none,normal,false,false,false,,1667677014000
6366bb2b11abbca923d19287,,96.8,97.24,99.6,73.64,242;1;0;0,time,30,-1,0,30,0,0,false,false,english,none,normal,false,false,false,,1667676971000
6364c17111abbca9231f68d0,,78,98.04,80.4,78.06,195;1;0;0,time,30,-1,2,30,0,4.67,false,false,english,none,normal,false,false,false,,1667547505000
6364c14911abbca9231f67a9,,85.57,94.42,91.17,76.1,214;5;1;1,time,30,-1,3,30.01,0,21.93,false,false,english,none,normal,false,false,false,,1667547465000
6364c0c211abbca9231f641b,,92,97.94,96.4,77.38,230;2;0;0,time,30,-1,0,30,0,0,false,false,english,none,normal,false,false,false,,1667547330000
6364c01711abbca9231f5f81,,92.77,99.15,92.77,79.93,232;0;0;0,time,30,-1,1,30.01,0,4.29,false,false,english,none,normal,false,false,false,,1667547159000
63639afa11abbca9238c009a,,91.2,98.71,92.8,81.13,228;2;0;1,time,30,-1,0,30,0,0,false,false,english,none,normal,false,false,false,,1667472122000
63470fc31699624266a5b00c,,88.4,93.23,99.6,69.38,221;8;3;0,time,30,-1,0,30,0,0,false,false,english,none,normal,false,false,false,,1665601475000
634194e3e65ec91000e25329,,87.97,93.93,97.97,75.37,220;8;2;2,time,30,-1,0,30.01,0,0,false,false,english,none,normal,false,false,false,,1665242339000
633624407d21d9a880285c17,,70,92.89,74.4,58.11,175;2;1;1,time,30,-1,1,30,0,3.16,false,false,english,none,normal,false,false,false,,1664492608000
632b105f8e3e35732d0d006e,,86.4,96.86,86.4,71.01,216;0;0;0,time,30,-1,0,30,0,0,false,false,english,none,normal,false,false,false,,1663766623000
632b103b8e3e35732d0cfeeb,,99.6,95.15,104.8,69.42,249;3;2;1,time,30,-1,0,30,0,0,false,false,english,none,normal,false,false,false,,1663766587000
63205c5b90677ffc5eabc34c,,35.99,98.9,35.99,44.1,90;0;0;0,time,30,-1,0,30.01,2,0,false,false,english,none,normal,false,false,false,,1663065179000
6314a4db50d49477ce379135,,80,97.6,81.2,66.5,200;0;0;1,time,30,-1,7,30,0,58.3,false,false,english,none,normal,false,false,false,,1662297307000
6314a46f50d49477ce336aee,,87.97,98.21,87.97,75.37,220;0;0;0,time,30,-1,7,30.01,0,18.9,false,false,english,none,normal,false,false,false,,1662297199000
6314a40f50d49477ce336834,,92.77,96.71,93.17,73.46,232;1;0;0,time,30,-1,1,30.01,0,23.89,false,false,english,none,normal,false,false,false,,1662297103000
6314a36750d49477ce336391,,96.4,96.83,100,85.71,241;4;0;1,time,30,-1,2,30,0,6.14,false,false,english,none,normal,false,false,false,,1662296935000
630deddac4bb23a266f72490,,92,93.98,106,82.11,230;9;0;1,time,30,-1,0,30,0,0,false,false,english,none,normal,false,false,false,,1661857242000
630dedb2c4bb23a266f72387,,92,97.08,94,75,230;2;0;0,time,30,-1,6,30,0,45.15,false,false,english,none,normal,false,false,false,,1661857202000
630cd309bd468b1369f57c0d,,85.6,94.49,91.2,75.28,214;4;1;0,time,30,-1,1,30,0,15.2,false,false,english,none,normal,false,false,false,,1661784841000
630cce87bd468b1369f1375b,,80.77,90.83,90.77,75.85,202;6;0;1,time,30,-1,3,30.01,0,12.04,false,false,english,none,normal,false,false,false,,1661783687000
630cce00bd468b1369f13244,,93.2,96,99.2,79.6,233;3;3;0,time,30,-1,0,30,0,0,false,false,english,none,normal,false,false,false,,1661783552000
630ccdc6bd468b1369f12fea,,85.2,96.92,88.8,67.51,213;2;1;0,time,30,-1,1,30,0,14.94,false,false,english,none,normal,false,false,false,,1661783494000
63076aaa5caa2272ab53d6ca,,90.8,95.88,92.8,70.04,227;1;0;0,time,30,-1,2,30,0,9.44,false,false,english,none,normal,false,false,false,,1661430442000
6307625c5caa2272ab4b7ab2,,102,99.61,102,82.69,255;0;0;0,time,30,-1,2,30,0,3.86,false,false,english,none,normal,false,false,false,,1661428316000
6307613d5caa2272ab4b7320,,87.97,96.12,87.97,71.68,220;0;0;0,time,30,-1,1,30.01,0,7.47,false,false,english,none,normal,false,false,false,,1661428029000
630760295caa2272ab475c08,,89.2,94.17,89.6,75.63,223;1;0;0,time,30,-1,1,30,0,2.14,false,false,english,none,normal,false,false,false,,1661427753000
62ed6afd214dc216c8eac97d,,83.6,93.22,92.8,74.85,209;5;3;0,time,30,-1,0,30,0,0,false,false,english,none,normal,false,false,false,,1659726589000
62e83963303adee4626207f3,,74.8,93.14,77.2,70.01,187;3;1;0,time,30,-1,4,30,0,35.51,false,false,english,none,normal,false,false,false,,1659386211000
62e838f1303adee46262059a,,94.37,96.83,97.97,78.35,236;3;0;0,time,30,-1,0,30.01,0,0,false,false,english,none,normal,false,false,false,,1659386097000
62e58c94303adee4625cea16,,82,93.89,89.6,59.93,205;7;1;1,time,30,-1,0,30,0,0,false,false,english,none,normal,false,false,false,,1659210899000
62d1baf482f20353163fb8e8,,101.97,98.86,105.16,82.3,255;1;0;0,time,30,-1,1,30.01,0,1.56,false,false,english,none,normal,false,false,false,,1657912052000
62d15fb382f2035316da9595,,90.4,96.64,94.4,79.43,226;3;1;1,time,30,-1,4,30,0,12.14,false,false,english,none,normal,false,false,false,,1657888691000
62d15f7782f2035316da945e,,69.6,90.78,85.2,58.15,174;7;5;0,time,30,-1,2,30,0,9.91,false,false,english,none,normal,false,false,false,,1657888631000
62d0548082f2035316b48e18,,95.2,97.6,98,81.58,238;1;0;0,time,30,-1,2,30,0,19.08,false,false,english,none,normal,false,false,false,,1657820288000
62d0543082f2035316b48c56,,99.6,94.76,104.4,81.8,249;6;0;2,time,30,-1,0,30,0,0,false,false,english,none,normal,false,false,false,,1657820208000
62c88a0f7934d3358aabfafe,,89.6,95.04,96.4,69.65,224;8;0;1,time,30,-1,0,30,0,0,false,false,english,none,normal,false,false,false,,1657309711000
62c1a3d17934d3358a28e930,,82.77,90.79,93.57,75.22,207;10;3;1,time,30,-1,4,30.01,0,37.78,false,false,english,none,normal,false,false,false,,1656857553000
62bdec0b0565048c347b43ca,,89.6,94.44,100,78.57,224;7;1;1,time,30,-1,1,30,0,3.12,false,false,english,none,normal,false,false,false,,1656613899000
62b194508cadd91a7dfcfe1a,,88.37,98.22,88.37,81.22,221;0;0;0,time,30,-1,1,30.01,0,0.17,false,false,english,none,normal,false,false,false,,1655805008000
62b194298cadd91a7dfcfd64,,86,91.5,96.8,72.36,215;10;1;1,time,30,-1,1,30,0,12.12,false,false,english,none,normal,false,false,false,,1655804969000
62b05fec21b899eba3acf2bb,,90.8,97.07,94.8,80.16,227;3;0;1,time,30,-1,5,30,0,20.59,false,false,english,none,normal,false,false,false,,1655726060000
62acbb8521b899eba3be8526,,90.8,96.27,94.8,75.42,227;3;0;0,time,30,-1,0,30,0,0,false,false,english,none,normal,false,false,false,,1655487365000
62ac522c21b899eba34c3788,,87.57,93.98,97.97,70.8,219;6;1;1,time,30,-1,0,30.01,0,0,false,false,english,none,normal,false,false,false,,1655460396000
62ac520621b899eba34c36bf,,28.76,93.1,34.35,48.71,72;2;1;0,time,30,-1,0,30.04,2,0,false,false,english,none,normal,false,false,false,,1655460358000
62ac357621b899eba32dde8e,,91.51,93.44,102.3,74.89,229;9;1;1,time,30,-1,0,30.03,0,0,false,false,english,none,normal,false,false,false,,1655453046000
62a3066f670d484edeaaca96,,86.77,97.77,87.97,71.54,217;1;0;0,time,30,-1,4,30.01,0,29.86,false,false,english,none,normal,false,false,false,,1654851183000
62a30625670d484edeaac951,,79.97,92.86,87.97,71.75,200;7;2;1,time,30,-1,1,30.01,0,2.32,false,false,english,none,normal,false,false,false,,1654851109000
62a305f2670d484edeaac85c,,95.44,95.69,100.63,79.45,239;5;1;1,time,30,-1,0,30.05,0,0,false,false,english,none,normal,false,false,false,,1654851058000
629e3d5f19a21b448471afd1,true,107.2,98.55,109.2,83.56,268;1;0;0,time,30,-1,2,30,0,3.56,false,false,english,none,normal,false,false,false,,1654537567000
629e3cc719a21b44846e0099,,83.2,94.81,92.4,72.94,208;7;1;1,time,30,-1,2,30,0,22.06,false,false,english,none,normal,false,false,false,,1654537415000
6285fbadf90d84081a34f335,,84.8,98.15,84.8,78.36,212;0;0;0,time,30,-1,0,30,0,0,false,false,english,none,normal,false,false,false,,1652947885000
6285fb8bf90d84081a34f276,,86.8,95.34,92.4,74.21,217;3;1;0,time,30,-1,0,30,0,0,false,false,english,none,normal,false,false,false,,1652947851000
62811cec94eda9c2c5650cb0,,91.2,93.41,102.8,74.95,228;10;1;1,time,30,-1,0,30,0,0,false,false,english,none,normal,false,false,false,,1652628716000
62774d7c6d6f0bfb31a87025,,99.2,99.21,100.8,81.4,248;1;0;0,time,30,-1,0,30,0,0,false,false,english,none,normal,false,false,false,,1651985788000
62774d5a6d6f0bfb31a86f6d,,95.2,96.81,98.4,80.12,238;2;0;0,time,30,-1,0,30,0,0,false,false,english,none,normal,false,false,false,,1651985754000
6272ae84cd2dd5da2346f6c2,,100.8,97.35,104.8,80.23,252;3;0;0,time,30,-1,0,30,0,0,false,false,english,none,normal,false,false,false,,1651682948000
6272489dcd2dd5da2340fdfb,,94.37,99.16,94.37,77.67,236;0;0;0,time,30,-1,0,30.01,0,0,false,false,english,none,normal,false,false,false,,1651656861000
6272487ecd2dd5da2340fd58,,87.2,89.11,102.8,79.85,218;16;4;4,time,30,-1,0,30,0,0,false,false,english,none,normal,false,false,false,,1651656830000
626e9eb1cd2dd5da23e4a52c,,93.6,96.02,99.6,75.8,234;4;1;0,time,30,-1,3,30,0,6.71,false,false,english,none,normal,false,false,false,,1651416753000
626a2ed3a302669ecd1140e8,,87.57,99.1,87.57,77.98,219;0;0;0,time,30,-1,2,30.01,0,23.68,false,false,english,none,normal,false,false,false,,1651125971000
626a2e99a302669ecd113f9c,,89.2,95.88,96.8,75.44,223;4;2;0,time,30,-1,1,30,0,10.85,false,false,english,none,normal,false,false,false,,1651125913000
62662df9a302669ecdf39fbc,,97.6,97.67,102,79.29,244;1;0;1,time,30,-1,0,30,0,0,false,false,english,none,normal,false,false,false,,1650863609000
62662dbba302669ecdf39e44,,101.2,97.37,105.2,78.65,253;2;0;1,time,30,-1,1,30,0,0.49,false,false,english,none,normal,false,false,false,,1650863547000
626403373b23f17a320a7adb,,95.17,96.39,97.17,78.19,238;2;0;0,time,30,-1,1,30.01,0,25.03,false,false,english,none,normal,false,false,false,,1650721591000
626402ef3b23f17a320a7900,,92.4,90.8,101.6,73.77,231;15;1;1,time,30,-1,0,30,0,0,false,false,english,none,normal,false,false,false,,1650721519000
626022a53b23f17a32553c04,,98.4,99.6,98.4,82.91,246;0;0;0,time,30,-1,0,30,0,0,false,false,english,none,normal,false,false,false,,1650467493000
626022793b23f17a32553a2b,,96.8,96.51,101.6,74.77,242;3;0;1,time,30,-1,0,30,0,0,false,false,english,none,normal,false,false,false,,1650467449000
626021d83b23f17a32553356,true,102.8,98.49,105.6,74.67,257;1;0;1,time,30,-1,0,30,0,0,false,false,english,none,normal,false,false,false,,1650467288000
6258601b523acc373069a4c2,,87.6,93.09,97.2,72.84,219;10;1;1,time,30,-1,1,30,0,0.69,false,false,english,none,normal,false,false,false,,1649958939000
6241f9a987747af8c8bbcab3,,92,94.14,101.6,82.43,230;8;2;0,time,30,-1,1,30,0,6.42,false,false,english,none,normal,false,false,false,,1648490920000
6241f7b087747af8c8b7dd29,,91.6,97.46,94,81.8,229;3;1;0,time,30,-1,2,30,0,5.18,false,false,english,none,normal,false,false,false,,1648490416000
623d4f407f3717dcd758b039,,84.8,96.12,91.6,75.94,212;3;0;1,time,30,-1,1,30,0,11.15,false,false,english,none,normal,false,false,false,,1648185152000
622c725e9571fc7ad5aa5ebe,,88.77,96.69,96.37,81.91,222;4;0;0,time,30,-1,2,30.01,0,3.56,false,false,english,none,normal,false,false,false,,1647080030000
622c72279571fc7ad5aa5d94,,84.37,98.63,87.57,68.94,211;2;0;0,time,30,-1,3,30.01,0,22.83,false,false,english,none,normal,false,false,false,,1647079976000
6220dc0264b2b0ab889777d6,,85.97,93.78,94.77,77.16,215;7;0;0,time,30,-1,1,30.01,0,0.11,false,false,english,none,normal,false,false,false,,1646320642000
620408943bbcef0b65b45209,,93.57,97.19,98.37,76.28,234;2;0;0,time,30,-1,1,30.01,0,1.56,false,false,english,none,normal,false,false,false,,1644431509000
61fc1ab0e85d7cd30c515bf8,,81.97,94.5,85.17,77.55,205;5;1;0,time,30,-1,5,30.01,0,39.24,false,false,english,none,normal,false,false,false,,1643911857000
61fc1a5fe85d7cd30c4a218e,,73.98,89.59,86.77,73.2,185;11;4;0,time,30,-1,0,30.01,0,0,false,false,english,none,normal,false,false,false,,1643911775000
61fc1a3fe85d7cd30c4a204c,,75.17,92.34,88.77,75.93,188;10;2;1,time,30,-1,0,30.01,0,0,false,false,english,none,normal,false,false,false,,1643911744000
61fc1a19e85d7cd30c4a1ecf,,92.37,97.89,94.37,75.47,231;3;0;0,time,30,-1,10,30.01,0,41.73,false,false,english,none,normal,false,false,false,,1643911706000
61fc19b3e85d7cd30c4a1b25,,84.37,98.6,84.37,76.9,211;0;0;0,time,30,-1,4,30.01,0,28.17,false,false,english,none,normal,false,false,false,,1643911604000
61db455a9bbee2ac3818d9b3,,82.77,95.43,86.77,75.97,207;6;0;1,time,30,-1,0,30.01,0,0,false,false,english,none,normal,false,false,false,,1641760091000
61db45309bbee2ac3818d8d4,,82.37,100,82.37,75.71,206;0;0;0,time,30,-1,3,30.01,0,37.35,false,false,english,none,normal,false,false,false,,1641760048000
61db44aa9bbee2ac3818d62a,,76.39,96.48,77.39,73.18,382;2;0;0,time,60,-1,0,60.01,0,0,false,false,english,none,normal,false,false,false,,1641759915000
61d2ab3ff96fe9da10b03f83,true,85.19,95.12,93.78,77.71,426;12;2;2,time,60,-1,1,60.01,0,11.17,false,false,english,none,normal,false,false,false,,1641196352000
61d2aac6f96fe9da10b03ce1,,86.8,97.76,89.2,85.81,217;3;1;0,time,30,-1,1,30,0,2.57,false,false,english,none,normal,false,false,false,,1641196231000
61d2aa9ef96fe9da10b03bfe,,79.17,95.31,83.17,70.83,198;4;0;0,time,30,-1,2,30.01,0,11.31,false,false,english,none,normal,false,false,false,,1641196191000
61d2aa6cf96fe9da10a9a058,,95.57,94.94,102.77,82.25,239;9;1;1,time,30,-1,0,30.01,0,0,false,false,english,none,normal,false,false,false,,1641196140000
61954e6ee4e756ea4c89c345,,81.97,98.09,81.97,75.28,205;0;0;0,time,30,-1,1,30.01,0,6.84,false,false,english,none,normal,false,false,false,,1637174895000
61954e46e4e756ea4c89c16d,,76.37,91.04,82.37,72.92,191;9;1;1,time,30,-1,11,30.01,0,33.23,false,false,english,none,normal,false,false,false,,1637174855000
61954dd7e4e756ea4c89bc5d,,73.58,90.35,89.57,68.94,184;11;1;1,time,30,-1,0,30.01,0,0,false,false,english,none,normal,false,false,false,,1637174744000
61954d68e4e756ea4c840ab5,,85.57,91.1,85.57,72.45,214;0;0;0,time,30,-1,1,30.01,0,1.47,false,false,english,none,normal,false,false,false,,1637174633000
618ceb87605e2b8a3075f268,,96.37,94.14,96.37,78.07,241;0;0;0,time,30,-1,1,30.01,0,16.41,false,false,english,none,normal,false,false,false,,1636625288000
618a8e86605e2b8a30589185,,93.57,93.6,93.57,78.41,234;0;0;0,time,30,-1,2,30.01,0,5.59,false,false,english,none,normal,false,false,false,,1636470407000
618a8dda605e2b8a30531860,,91.57,95.22,99.17,78.29,229;3;3;0,time,30,-1,5,30.01,0,22.09,false,false,english,none,normal,false,false,false,,1636470234000
618a8d43605e2b8a305311df,,87.57,97.35,87.57,73.73,219;0;0;0,time,30,-1,4,30.01,0,19.12,false,false,english,none,normal,false,false,false,,1636470083000
618a8d09605e2b8a30530f57,,86.4,96.92,89.6,79.05,216;3;0;1,time,30,-1,0,30,0,0,false,false,english,none,normal,false,false,false,,1636470026000
618a8cea605e2b8a30530e14,,80.35,98.54,80.35,77.3,201;0;0;0,time,30,-1,6,30.02,0,17.67,false,false,english,none,normal,false,false,false,,1636469994000
618a8c53605e2b8a304d9573,,95.17,99.58,95.17,80.97,238;0;0;0,time,30,-1,4,30.01,0,42.64,false,false,english,none,normal,false,false,false,,1636469844000
618a8bea605e2b8a304d90cc,,79.17,96.15,80.77,79.29,198;2;0;0,time,30,-1,3,30.01,0,26.33,false,false,english,none,normal,false,false,false,,1636469738000
618a8bac605e2b8a30481c20,,80,92.63,83.2,68.95,200;4;1;1,time,30,-1,0,30,0,0,false,false,english,none,normal,false,false,false,,1636469676000
618a8736605e2b8a303793a2,,75.97,88.89,85.57,61.72,190;11;0;1,time,30,-1,0,30.01,0,0,false,false,english,none,normal,false,false,false,,1636468534000
615d2fdb2980d6880793a1f7,true,101.17,99.22,102.77,88.45,253;1;0;1,time,30,-1,0,30.01,0,0,false,false,english,none,normal,false,false,false,,1633497052000
615d2f9d2980d6880793a089,,86.37,96.1,89.97,79.56,216;2;0;0,time,30,-1,1,30.01,0,5.87,false,false,english,none,normal,false,false,false,,1633496990000
615d2f012980d688078ecdeb,true,82.59,93.65,89.99,76.14,413;14;2;0,time,60,-1,8,60.01,0,49.95,false,false,english,none,normal,false,false,false,,1633496834000
615d2e122980d6880789f943,,73.19,90.99,84.79,76.26,366;18;3;0,time,60,-1,3,60.01,0,13.35,false,false,english,none,normal,false,false,false,,1633496594000
615d2dba2980d6880789f70f,,76.8,95.33,84.8,78.36,192;4;1;0,time,30,-1,0,30,0,0,false,false,english,none,normal,false,false,false,,1633496507000
615d2d952980d6880789f624,,89.97,97.87,93.17,74.66,225;1;0;1,time,30,-1,1,30.01,0,0.19,false,false,english,none,normal,false,false,false,,1633496469000
615d2ce32980d68807852367,,90.37,95.63,100.77,79.94,226;5;2;1,time,30,-1,1,30.01,0,1.92,false,false,english,none,normal,false,false,false,,1633496292000
61388df063af14f65e054109,,91.57,94.4,98.77,79.6,229;6;1;2,time,30,-1,7,30.01,0,31.32,false,false,english,none,normal,false,false,false,,1631096305000
61141310f039809de10a3b71,true,77.79,92.65,89.39,75.06,389;19,time,60,-1,13,60.00559999996424,0,69.11,false,false,english,none,normal,false,false,false,,1628524077047
61141310f039809de10a3b72,,85.98,94.02,92.78,82.99,215;8,time,30,-1,0,30.007900000035765,0,0,false,false,english,none,normal,false,false,false,,1628523831044
61141310f039809de10a3b73,,83.18,96.48,90.78,79.9,208;5,time,30,-1,12,30.00680000001192,0,84.1,false,false,english,none,normal,false,false,false,,1628523799123
61141310f039809de10a3b74,,91.18,93.63,99.98,81.11,228;10,time,30,-1,0,30.006300000011922,0,0,false,false,english,none,normal,false,false,false,,1628523613841
61141310f039809de10a3b75,,95.99,98.37,98.39,88.05,240;2,time,30,-1,6,30.004199999988078,0,42.11,false,false,english,none,normal,false,false,false,,1628485196065
61141310f039809de10a3b76,,96.38,100,96.38,85.1,241;0,time,30,-1,1,30.006599999964237,0,0.76,false,false,english,none,normal,false,false,false,,1628484551329
61141310f039809de10a3b77,,85.58,91.21,92.38,76.08,214;9,time,30,-1,1,30.00629999998212,0,5.09,false,false,english,none,normal,false,false,false,,1627817874972
61141310f039809de10a3b78,,87.17,90.94,98.77,77.85,218;9,time,30,-1,1,30.008700000017882,0,0.07,false,false,english,none,normal,false,false,false,,1627817831645
61141310f039809de10a3b79,,74.39,91.59,88.38,81.31,186;5,time,30,-1,3,30.005400000002236,0,7.22,false,false,english,none,normal,false,false,false,,1627453770856
61141310f039809de10a3b7a,,84.38,94.81,89.98,77.47,211;3,time,30,-1,3,30.006400000002234,0,8.71,false,false,english,none,normal,false,false,false,,1627453714876
61141310f039809de10a3b7b,,86.79,98.24,90.38,78.5,217;2,time,30,-1,6,30.005099999997764,0,42.23,false,false,english,none,normal,false,false,false,,1627453649171
61141310f039809de10a3b7c,,79.98,94.12,87.58,75.85,200;7,time,30,-1,1,30.006400000000372,0,0.83,false,false,english,none,normal,false,false,false,,1627389157626
61141310f039809de10a3b7d,,86.38,92.92,95.18,78.35,216;11,time,30,-1,0,30.0065,0,0,false,false,english,none,normal,false,false,false,,1627389123210
61141310f039809de10a3b7e,,77.18,94.23,82.38,71.9,193;8,time,30,-1,2,30.00779999999702,0,13.08,false,false,english,none,normal,false,false,false,,1627206311315
61141310f039809de10a3b7f,,87.18,94.72,97.98,84.77,218;7,time,30,-1,0,30.00680000001192,0,0,false,false,english,none,normal,false,false,false,,1627206259426
61141310f039809de10a3b80,,79.18,93.46,84.38,82.74,198;7,time,30,-1,2,30.00679999999702,0,7.71,false,false,english,none,normal,false,false,false,,1627191100643
61141310f039809de10a3b81,,73.99,91.12,83.58,78.06,185;10,time,30,-1,3,30.00560000000894,0,27.06,false,false,english,none,normal,false,false,false,,1627191042589
61141310f039809de10a3b82,,83.18,93.97,91.17,77.87,208;6,time,30,-1,8,30.009,0,11.85,false,false,english,none,normal,false,false,false,,1626963466447
61141310f039809de10a3b83,,89.98,94.58,93.98,80.1,225;4,time,30,-1,5,30.00789999999851,0,41.04,false,false,english,none,normal,false,false,false,,1626963399159
61141310f039809de10a3b84,,94.37,96.81,99.57,82.14,236;3,time,30,-1,9,30.008300000000744,0,57.51,false,false,english,none,normal,false,false,false,,1626963078816
61141310f039809de10a3b85,,85.58,96.44,86.78,72.95,214;2,time,30,-1,0,30.007800000000746,0,0,false,false,english,none,normal,false,false,false,,1626962969849
61141310f039809de10a3b86,true,96.78,98.8,99.98,81.85,242;1,time,30,-1,3,30.00610000000149,0,23.46,false,false,english,none,normal,false,false,false,,1626948088217
61141310f039809de10a3b87,,84.38,95.93,85.98,75.85,211;2,time,30,-1,0,30.0055,0,0,false,false,english,none,normal,false,false,false,,1626948020981
61141310f039809de10a3b88,,74.78,94.61,79.58,74.14,187;4,time,30,-1,4,30.00789999999851,0,5.85,false,false,english,none,normal,false,false,false,,1626947988954
61141310f039809de10a3b89,,77.18,89.78,87.58,68.5,193;11,time,30,-1,0,30.00689999999851,0,0,false,false,english,none,normal,false,false,false,,1626947945958
61141310f039809de10a3b8a,,91.18,99.13,91.98,77.47,228;1,time,30,-1,2,30.0055,0,27.03,false,false,english,none,normal,false,false,false,,1626947898117
61141310f039809de10a3b8b,,91.98,98.72,91.98,81.16,230;0,time,30,-1,2,30.007,0,5.16,false,false,english,none,normal,false,false,false,,1626622167811
61141310f039809de10a3b8c,,84.39,90.95,93.58,77.38,211;9,time,30,-1,6,30.005299999952317,0,9.45,false,false,english,none,normal,false,false,false,,1626622127054
61141310f039809de10a3b8d,,73.99,92.31,87.98,72.97,185;10,time,30,-1,1,30.0055,0,1.02,false,false,english,none,normal,false,true,false,,1626622017074
61141310f039809de10a3b8e,,87.98,96.19,93.18,79.57,220;4,time,30,-1,11,30.006799999952317,0,51.35,false,false,english,none,normal,false,false,false,,1626621569838
61141310f039809de10a3b8f,,79.99,95.71,79.99,76.67,200;0,time,30,-1,10,30.004299999952316,0,92.02,false,false,english,none,normal,false,false,false,,1626621468677
61141310f039809de10a3b90,,81.18,94.59,87.58,77.23,203;6,time,30,-1,7,30.006399999976157,0,34.1,false,false,english,none,normal,false,false,false,,1626621279367
61141310f039809de10a3b91,,82.78,98.1,82.78,78.76,207;0,time,30,-1,5,30.006299999952315,0,34.83,false,false,english,none,normal,false,false,false,,1626621172881
61141310f039809de10a3b92,,72.38,89.86,84.78,71.74,181;11,time,30,-1,2,30.00660000002384,0,2.21,false,false,english,none,normal,false,false,false,,1626621097851
61141310f039809de10a3b93,,84.79,90.46,95.99,81.97,212;14,time,30,-1,1,30.001800000071526,0,0.44,false,false,english,none,normal,false,false,false,,1626621026769
61141310f039809de10a3b94,,72.78,90.48,79.98,70.49,182;6,time,30,-1,0,30.009300000071526,0,0,false,false,english,none,normal,false,false,false,,1626620941553
61141310f039809de10a3b95,,82.38,95.74,93.98,79.93,206;4,time,30,-1,12,30.006799999952317,0,44.91,false,false,english,none,normal,false,false,false,,1626601054592
61141310f039809de10a3b96,,87.98,96.67,95.98,83.23,220;5,time,30,-1,16,30.006,0,98.35,false,false,english,none,normal,false,false,false,,1626600949017
61141310f039809de10a3b97,,81.99,89.96,93.98,88.1,205;14,time,30,-1,11,30.005300000071525,0,71.24,false,false,english,none,normal,false,false,false,,1626600747234
61141310f039809de10a3b98,,87.18,97.81,89.58,76.56,218;1,time,30,-1,8,30.00660000002384,0,57.02,false,false,english,none,normal,false,false,false,,1626600583870
61141310f039809de10a3b99,,83.58,90.08,99.58,77.5,209;13,time,30,-1,38,30.0065,0,235.8,false,false,english,none,normal,false,false,false,,1626532122111
61141310f039809de10a3b9a,,93.98,96.77,97.58,83.49,235;2,time,30,-1,14,30.006199999928473,0,85.52,false,false,english,none,normal,false,false,false,,1626531703462
61141310f039809de10a3b9b,,83.58,94.25,87.98,72.21,209;5,time,30,-1,2,30.006299999952315,0,4.25,false,false,english,none,normal,false,false,false,,1626531514822
61141310f039809de10a3b9c,,74,92.89,79.6,70.75,185;2,time,30,-1,1,30.001700000047684,0,3.31,false,false,english,none,normal,false,false,false,,1626531474919
61141310f039809de10a3b9d,,71.18,88.84,87.98,76.36,178;10,time,30,-1,0,30.006800000071525,0,0,false,false,english,none,normal,false,false,false,,1626531437117
61141310f039809de10a3b9e,,78.38,93.95,81.58,72.31,196;2,time,30,-1,3,30.007699999928473,0,7.17,false,false,english,none,normal,false,false,false,,1626443046933
61141310f039809de10a3b9f,,75.18,89.82,89.18,79.23,188;13,time,30,-1,10,30.007,0,59.14,false,false,english,none,normal,false,false,false,,1626443002687
61141310f039809de10a3ba0,,71.99,92.27,79.58,69.75,180;4,time,30,-1,12,30.006,0,38.62,false,false,english,none,normal,false,false,false,,1626442874579
61141310f039809de10a3ba1,,83.98,98.59,83.98,82.43,210;0,time,30,-1,16,30.00739999997616,0,95.11,false,false,english,none,normal,false,false,false,,1626442758897
61141310f039809de10a3ba2,,85.18,93.94,91.98,82.85,213;7,time,30,-1,8,30.007799999952315,0,35.91,false,false,english,none,normal,false,false,false,,1626442599111
61141310f039809de10a3ba3,,84.78,99.53,84.78,76.62,212;0,time,30,-1,4,30.008199999928475,0,7.77,false,false,english,none,normal,false,false,false,,1626205333882
61141310f039809de10a3ba4,,72.38,92.65,79.18,74.42,181;4,time,30,-1,7,30.008699999928474,0,17.37,false,false,english,none,normal,false,false,false,,1626205019422
61141310f039809de10a3ba5,,85.59,92.7,92.79,81.29,214;8,time,30,-1,2,30.004399999976158,0,11.19,false,false,english,none,normal,false,false,false,,1626204951552
61141310f039809de10a3ba6,,81.18,96.7,83.18,79.68,203;2,time,30,-1,5,30.007100000023843,0,17.08,false,false,english,none,normal,false,false,false,,1626204822162
61141310f039809de10a3ba7,,78,96.26,84.79,78.98,195;1,time,30,-1,3,30.001900000095368,0,4.09,false,false,english,none,normal,false,false,false,,1626204723323
61141310f039809de10a3ba8,,65.98,86.57,85.98,73.8,165;17,time,30,-1,12,30.00790000009537,0,72.13,false,false,english,none,normal,false,false,false,,1626204681541
61141310f039809de10a3ba9,,70.38,85.65,91.58,80.56,176;19,time,30,-1,2,30.008,0,27.15,false,false,english,none,normal,false,false,false,,1626204541259
61141310f039809de10a3baa,,93.98,95.53,98.38,84.77,235;8,time,30,-1,0,30.00739999997616,0,0,false,false,english,none,normal,false,false,false,,1626204466759
61141310f039809de10a3bab,,85.59,97.33,88.79,82.87,214;2,time,30,-1,6,30.00239999997616,0,52.58,false,false,english,none,normal,false,false,false,,1626173491434
61141310f039809de10a3bac,,77.2,92.34,87.2,75.68,193;8,time,30,-1,0,30.000700000047683,0,0,false,false,english,none,normal,false,false,false,,1626173397462
61141310f039809de10a3bad,,54.8,78.38,87.6,69.67,137;25,time,30,-1,1,30.000200000047684,0,2.7,false,false,english,none,normal,false,false,false,,1626173363961
61141310f039809de10a3bae,,83.58,90.65,97.58,82.93,209;14,time,30,-1,0,30.006,0,0,false,false,english,none,normal,false,false,false,,1626173326865
61141310f039809de10a3baf,,83.58,91.49,92.38,78.12,209;9,time,30,-1,2,30.007199999928474,0,20.26,false,false,english,none,normal,false,false,false,,1626102788051
61141310f039809de10a3bb0,,79.2,93.53,91.2,77.37,198;7,time,30,-1,0,30.001100000023843,0,0,false,false,english,none,normal,false,false,false,,1626081818317
61141310f039809de10a3bb1,,66.79,86.32,83.19,82.89,167;16,time,30,-1,6,30.004099999904632,0,53.4,false,false,english,none,normal,false,false,false,,1626081786140
61141310f039809de10a3bb2,,65.16,85.37,77.56,69.29,163;12,time,30,-1,3,30.01639999997616,0,8.07,false,false,english,none,normal,false,false,false,,1626081635540
61141310f039809de10a3bb3,,85.58,92.05,93.97,78.38,214;10,time,30,-1,1,30.008699999928474,0,1.98,false,false,english,none,normal,false,false,false,,1626081339099
61141310f039809de10a3bb4,,81.98,90.38,94.78,77.43,205;14,time,30,-1,12,30.007899999976157,0,92.16,false,false,english,none,normal,false,false,false,,1626081296751
61141310f039809de10a3bb5,,69.39,90.2,78.59,76.02,347;15,time,60,-1,2,60.007800000071526,0,112.68,false,false,english,none,normal,false,false,false,,1626081102906
61141310f039809de10a3bb6,,94,96.79,99.2,81.82,235;5,time,30,-1,0,30.0015,0,0,false,false,english,none,normal,false,false,false,,1626080896970
61141310f039809de10a3bb7,,83.98,93.19,90.78,79.93,210;6,time,30,-1,6,30.007100000023843,0,68.52,false,false,english,none,normal,false,false,false,,1626080856939
61141310f039809de10a3bb8,,81.58,92.41,92.78,80.57,204;8,time,30,-1,1,30.005799999952316,0,0.58,false,false,english,none,normal,false,false,false,,1626080697157
61141310f039809de10a3bb9,,79.58,90.79,90.38,81.83,199;13,time,30,-1,3,30.007299999952316,0,21.04,false,false,english,none,normal,false,false,false,,1626080633126
61141310f039809de10a3bba,,71.58,87.27,85.58,75.02,179;14,time,30,-1,2,30.006800000071525,0,17.79,false,false,english,none,normal,false,false,false,,1626080574541
61141310f039809de10a3bbb,,86.78,95.22,90.78,83.39,217;5,time,30,-1,7,30.006199999928473,0,26.65,false,false,english,none,normal,false,false,false,,1626080380478
61141310f039809de10a3bbc,,73.19,85.96,91.98,77.14,183;15,time,30,-1,1,30.005600000023843,0,1.49,false,false,english,none,normal,false,false,false,,1626080309666
61141310f039809de10a3bbd,,72.38,91.51,82.38,72.68,181;6,time,30,-1,1,30.007600000023842,0,2.95,false,false,english,none,normal,false,false,false,,1626005336433
61141310f039809de10a3bbe,,79.2,92.27,85.2,76.29,198;8,time,30,-1,0,30.000200000047684,0,0,false,false,english,none,normal,false,false,false,,1626005295437
61141310f039809de10a3bbf,,79.18,98.03,79.18,79.56,198;0,time,30,-1,2,30.009,0,32.49,false,false,english,none,normal,false,false,false,,1626005262472
61141310f039809de10a3bc0,,52.39,70.91,86.38,74.53,131;39,time,30,-1,25,30.007600000023842,0,116.85,false,false,english,none,normal,false,false,false,,1626005193367
61141310f039809de10a3bc1,,79.58,91.25,94.78,79.59,199;11,time,30,-1,6,30.00739999997616,0,55.9,false,false,english,none,normal,false,false,false,,1626004987201
61141310f039809de10a3bc2,,69.58,90.43,80.38,72.15,174;6,time,30,-1,13,30.006799999952317,0,52.66,false,false,english,none,normal,false,false,false,,1626004866586
61141310f039809de10a3bc3,,68.78,84.44,87.18,70.84,172;18,time,30,-1,12,30.007600000023842,0,75.98,false,false,english,none,normal,false,false,false,,1626004755878
61141310f039809de10a3bc4,true,81.8,88.6,96.22,75.94,227;14,words,50,-1,2,33.299600000023844,0,2.63,false,false,english,none,normal,false,false,false,,1626004584015
61141310f039809de10a3bc5,true,73.38,90.77,89.58,78.29,367;18,time,60,-1,0,60.014100000023845,0,0,false,false,english,none,normal,false,false,false,,1626004505824
61141310f039809de10a3bc6,true,94.38,94.55,101.98,82.77,236;9,time,30,-1,0,30.005,0,0,false,false,english,none,normal,false,false,false,,1626004172835
61141310f039809de10a3bc7,true,79.98,96.28,85.18,79.59,200;4,time,30,-1,3,30.007,0,26.01,false,false,english,none,normal,false,false,false,,1625953117830
61141310f039809de10a3bc8,,61.18,84.62,83.18,73.42,153;17,time,30,-1,0,30.0075,0,0,false,false,english,none,normal,false,false,false,,1625953055513
61141310f039809de10a3bc9,,65.6,92.22,65.6,56.79,164;0,time,30,-1,9,30.0015,0,53.48,false,false,english,none,normal,false,false,false,,1625953008449
61141310f039809de10a3bca,,66.79,90.1,72.39,72.76,167;2,time,30,-1,4,30.00580000001192,0,68.28,false,false,english,none,normal,false,false,false,,1625952879210
61141310f039809de10a3bcb,,57.18,89.47,65.98,67.61,143;9,time,30,-1,0,30.008600000023844,0,0,false,false,english,none,normal,false,false,false,,1625952771478
61141310f039809de10a3bcc,,68.38,90.7,85.18,79.28,171;9,time,30,-1,1,30.0085,0,7.1,false,false,english,none,normal,false,false,false,,1625850476103
61141310f039809de10a3bcd,,58.4,84.97,73.6,64.86,146;14,time,30,-1,3,30.001399999976158,1,6.12,false,false,english,none,normal,false,false,false,,1625850435123
61141310f039809de10a3bce,,72.38,88.74,91.18,79.56,181;12,time,30,-1,0,30.00769999998808,0,0,false,false,english,none,normal,false,false,false,,1625850382252
61141310f039809de10a3bcf,,76.38,90.74,83.58,80.56,191;8,time,30,-1,0,30.007199999988078,0,0,false,false,english,none,normal,false,false,false,,1625850330072
61141310f039809de10a3bd0,,67.98,87.56,85.97,71.52,170;17,time,30,-1,1,30.00960000002384,0,14.71,false,false,english,none,normal,false,false,false,,1625850284835
61141310f039809de10a3bd1,true,79.2,92.66,85.6,81.22,198;6,time,30,-1,3,30.001400000035762,0,45.11,false,false,english,none,normal,false,false,false,,1625599667640
61141310f039809de10a3bd2,,75.98,90.35,89.98,77.31,190;11,time,30,-1,4,30.007899999976157,0,50.07,false,false,english,none,normal,false,false,false,,1625599583890
61141310f039809de10a3bd3,,70.78,84.82,87.18,75.86,177;18,time,30,-1,0,30.00819999998808,0,0,false,false,english,none,normal,false,false,false,,1625599390387
61141310f039809de10a3bd4,,68,82.48,92.39,79.49,170;23,time,30,-1,2,30.00219999998808,0,11.31,false,false,english,none,normal,false,false,false,,1625599357493
61141310f039809de10a3bd5,,55.99,78.64,87.98,74.29,140;28,time,30,-1,6,30.007100000023843,0,40.25,false,false,english,none,normal,false,false,false,,1625599295983
61141310f039809de10a3bd6,,71.58,89.47,79.98,68.45,179;7,time,30,-1,0,30.009,0,0,false,false,english,none,normal,false,false,false,,1625599207766
61141310f039809de10a3bd7,,69.98,86.64,81.57,66.39,175;12,time,30,-1,0,30.00919999998808,0,0,false,false,english,none,normal,false,false,false,,1625599171759
61141310f039809de10a3bd8,,77.98,94.98,85.97,73.73,195;4,time,30,-1,0,30.008900000035762,0,0,false,false,english,none,normal,false,false,false,,1625599083171
61141310f039809de10a3bd9,,73.2,91.75,78.4,70.94,183;5,time,30,-1,0,30.001100000023843,0,0,false,false,english,none,normal,false,false,false,,1625599044457
61141310f039809de10a3bda,,71.18,89.13,91.58,73.41,178;9,time,30,-1,0,30.007200000047682,0,0,false,false,english,none,normal,false,false,false,,1625599011358
61141310f039809de10a3bdb,,73.58,88.43,84.38,73.55,184;11,time,30,-1,1,30.00620000001788,0,4.85,false,false,english,none,normal,false,false,false,,1625322633351
61141310f039809de10a3bdc,,67.59,87.91,83.98,72.54,169;14,time,30,-1,1,30.006,0,18.51,false,false,english,none,normal,false,false,false,,1625322595628
61141310f039809de10a3bdd,,67.2,84.11,82.39,76.34,168;18,time,30,-1,0,30.001899999976157,0,0,false,false,english,none,normal,false,false,false,,1625322536157
61141310f039809de10a3bde,,73.58,92.31,78.78,72.91,184;3,time,30,-1,0,30.00730000001192,0,0,false,false,english,none,normal,false,false,false,,1625322504297
61141310f039809de10a3bdf,,67.58,81.36,92.77,77.09,169;22,time,30,-1,3,30.008900000005962,0,29.37,false,false,english,none,normal,false,false,false,,1625322472055
61141310f039809de10a3be0,true,78.39,89.87,87.58,71.52,196;9,time,30,-1,0,30.0055,0,0,false,false,english,none,normal,false,false,false,,1625322367440
61141310f039809de10a3be1,,59.6,85.86,77.2,70.31,149;12,time,30,-1,0,30.0005,0,0,false,false,english,none,normal,false,false,false,,1625322335552
61141310f039809de10a3be2,,70.8,92.06,83.2,76.62,177;4,time,30,-1,0,30.00109999999404,0,0,false,false,english,none,normal,false,false,false,,1625322303106
61141310f039809de10a3be3,,63.58,82.57,85.58,75.92,159;23,time,30,-1,2,30.0075,0,13.2,false,false,english,none,normal,false,false,false,,1625322271003
61141310f039809de10a3be4,,75.99,89.13,91.59,79.15,190;12,time,30,-1,2,30.002200000017883,0,50.56,false,false,english,none,normal,false,false,false,,1625322204593
61141310f039809de10a3be5,,73.58,92.61,77.18,75.66,184;4,time,30,-1,3,30.007,0,37.69,false,false,english,none,normal,false,false,false,,1625310762684
61141310f039809de10a3be6,true,76.79,95.57,76.79,76.58,192;0,time,30,-1,0,30.00570000001788,0,0,false,false,english,none,normal,false,false,false,,1625310645003
61141310f039809de10a3be7,,65.18,86.98,81.18,69.2,163;9,time,30,-1,1,30.007400000005962,0,3.55,false,false,english,none,normal,false,false,false,,1625310604900
61141310f039809de10a3be8,,66.79,92.02,69.19,65.8,167;1,time,30,-1,2,30.004399999976158,0,43.33,false,false,english,none,normal,false,false,false,,1625310564526
61141310f039809de10a3be9,,54.4,79.08,74.4,63.21,136;19,time,30,-1,0,30.0015,0,0,false,false,english,none,normal,false,false,false,,1625310482398
61141310f039809de10a3bea,,60.4,80.19,82.8,70.79,151;20,time,30,-1,1,30.00140000000596,0,3.04,false,false,english,none,normal,false,false,false,,1625310450243
61141310f039809de10a3beb,,70.78,93.1,77.58,68.84,177;5,time,30,-1,0,30.0085,0,0,false,false,english,none,normal,false,false,false,,1625310412741
61141310f039809de10a3bec,,68.4,90.36,74.4,65.13,171;5,time,30,-1,0,30.0015,0,0,false,false,english,none,normal,false,false,false,,1625310380059
61141310f039809de10a3bed,,53.2,82.2,73.99,66.94,133;16,time,30,-1,0,30.00230000001192,0,0,false,false,english,none,normal,false,false,false,,1625310322412
61141310f039809de10a3bee,,55.6,79.81,80,70.7,139;15,time,30,-1,0,30.00009999999404,0,0,false,false,english,none,normal,false,false,false,,1625310290193
61141310f039809de10a3bef,,50,75.79,73.59,73.79,125;25,time,30,-1,0,30.00209999999404,0,0,false,false,english,none,normal,false,false,false,,1625310257920
61141310f039809de10a3bf0,,57.6,81.82,81.6,76.71,144;20,time,30,-1,0,30.0005,0,0,false,false,english,none,normal,false,false,false,,1625310225454
61141310f039809de10a3bf1,,63.19,83.33,78.78,68.37,158;16,time,30,-1,1,30.0065,0,14.13,false,false,english,none,normal,false,false,false,,1625310192726
61141310f039809de10a3bf2,,68.38,87.04,83.98,77.21,171;14,time,30,-1,0,30.008,0,0,false,false,english,none,normal,false,false,false,,1625310132323
61141310f039809de10a3bf3,,64.38,82.51,87.18,70.39,161;20,time,30,-1,0,30.007199999988078,0,0,false,false,english,none,normal,false,false,false,,1625310098464
61141310f039809de10a3bf4,,45.19,68.1,81.98,60.47,113;38,time,30,-1,0,30.009,0,0,false,false,english,none,normal,false,false,false,,1625310060970
61141310f039809de10a3bf5,true,75.18,94.66,81.18,74.02,188;5,time,30,-1,1,30.006300000011922,0,25.28,false,false,english,none,normal,false,false,false,,1624907907453